,char_GF_23_06_10.csv,char_GF_24_06_10.csv,char_GF_reground_25_10_10.csv,char_LF_24_06_10.csv,char_LF_reground_22_10_10.csv,char_NF_24_06_10.csv,char_NF_reground_2_11_10.csv,char_GB_reground_1_11_10.csv,char_N2_reground_2_11_10.csv,char_GD_30_06_10.csv,char_QD_30_06_10.csv
%ASH
%MOISTURE
400,-2.78223592841205,-2.78211707282463,-2.51199371459,-1.18952964358861,-1.18423864871533,-1.26048484305604,-1.26786759545113,-0.624324483881304,-0.54867735194788,-0.733959568510927,-0.459583677098202
